name,cagr
Communication Services,8.20716456850954
Consumer Discretionary,38.74522180075637
Consumer Staples,21.134112346218647
Energy,60.61651865393402
Financials,24.54569075615907
Health Care,29.729145926399838
Industrials,27.759293755689708
Information Technology,33.72006391212503
Materials,33.01789484452349
Real Estate,50.904539388272376
Utilities,18.289094617394298
10 Year Treasury,64.88549310688856
13 Week Treasury,-51.470591135606526
5 Year Treasury,256.77966208712735
Dow Jones,20.230387384979487
NASDAQ,23.203772790617204
S&P 500,28.793058018340577
